id,first_name,balance,days
1,Suzanne,8877.15,1
2,Zorana,9884.06,13
3,Agnes,7540.28,9
4,Heddi,5605.78,5
5,Minda,4461.69,23
6,Codie,1540.05,1
7,Deirdre,5661.13,45
8,Madelle,5755.67,40
9,Catrina,2185.57,33
10,Devora,1658.64,5
11,Yelena,4086.53,1
12,Kori,8959.76,19
13,Lishe,2637.03,48
14,Ernestine,2859.64,17
15,Wandie,2214.37,5
16,Noelle,1096.50,4
17,Tandie,3476.19,22
18,Natassia,5179.04,33
19,Gabbey,1559.65,43
20,Angel,3559.27,21
21,Karita,4631.49,9
22,Thia,9346.52,32
23,Vittoria,8392.37,41
24,Robbie,965.46,44
25,Stepha,3795.78,18
26,Maddalena,4740.82,12
27,Ivett,3610.06,5
28,Agace,1100.32,32
29,Glynis,4497.25,8
30,Tarah,1639.99,12
31,Arlee,9160.29,5
32,Courtney,2155.94,13
33,Alane,6112.40,2
34,Daria,2476.52,43
35,Pansie,5657.64,22
36,Mitzi,6801.88,24
37,Constantine,5028.79,5
38,Hayley,5443.16,46
39,Mikaela,4739.41,33
40,Melba,4585.24,43
41,Babb,8198.90,9
42,Lorinda,1367.44,3
43,Jolyn,4857.55,50
44,Ivett,6171.87,18
45,Alissa,7170.74,48
46,Bryn,4084.33,4
47,Jeanna,7399.90,20
48,Constantia,2487.72,41
49,Emmaline,6772.03,28
50,Viole,6338.27,11
51,Nanete,2288.84,40
52,Trescha,5503.49,41
53,Marisa,6730.88,39
54,Laryssa,7108.22,36
55,Lilia,6214.05,42
56,Ingunna,5247.57,6
57,Elmira,8582.68,44
58,Tabitha,5974.71,28
59,Moselle,4548.35,49
60,Madge,9490.89,19
61,Barbra,6070.25,22
62,Daphna,9361.65,11
63,Patrice,5024.81,30
64,Klarika,918.46,23
65,Koral,4740.14,36
66,Joscelin,9942.19,33
67,Elaine,8452.06,13
68,Corly,9726.74,10
69,Corabel,6459.36,47
70,Elvira,3562.29,20
71,Eilis,4129.15,31
72,Nicol,7706.82,29
73,Marty,4023.89,27
74,Maudie,5181.63,35
75,Maribeth,4966.76,38
76,Aurelie,1376.68,13
77,Claudette,4218.99,3
78,Belle,9018.30,25
79,Ardys,6732.68,30
80,Maritsa,8987.88,30
81,Marita,3362.33,31
82,Deeanne,5228.89,41
83,Giralda,167.02,35
84,Louise,2540.57,44
85,Jill,2458.02,19
86,Mamie,4966.14,24
87,Jerrie,6818.64,38
88,Paule,6078.53,21
89,Elly,994.83,21
90,Germaine,9408.25,39
91,Anne,2065.00,30
92,Lezlie,8127.16,49
93,Isabella,3117.31,2
94,Tybi,289.51,32
95,Maureene,3073.40,7
96,Melita,9575.65,34
97,Karon,416.28,26
98,Brigid,6514.53,18
99,Nicolle,5043.07,40
100,Malory,7631.02,3
101,Biddy,7373.84,6
102,Rozina,6010.41,49
103,Orsa,7160.02,40
104,Guendolen,6926.93,15
105,Marthena,551.52,21
106,Georgiana,1325.69,20
107,Nina,698.60,35
108,Marni,5098.52,28
109,Zaria,2645.89,8
110,Bess,1773.65,22
111,Annecorinne,1722.47,37
112,Josepha,6903.74,26
113,Happy,4825.14,22
114,Ginny,3687.37,44
115,Perrine,8602.74,20
116,Sherill,9171.30,1
117,Jewelle,7554.28,36
118,Sascha,8402.82,29
119,Germain,1493.64,26
120,Cyndy,5348.03,6
121,Erda,5794.40,23
122,Sam,1208.72,36
123,Agnesse,276.06,33
124,Nikkie,6799.86,3
125,Jada,8344.33,47
126,Mercedes,2190.93,46
127,Marje,8446.22,49
128,Mada,8985.05,9
129,Elizabet,2592.56,6
130,Aurelie,9236.96,1
131,Chad,2221.03,40
132,Bevvy,5680.05,46
133,Naomi,2427.34,13
134,Pet,8958.41,6
135,Anastassia,3196.99,23
136,Simonne,3615.96,50
137,Maryellen,9511.89,29
138,Eran,5796.29,35
139,Chandal,5456.01,3
140,Yovonnda,1556.96,7
141,Minnnie,3431.87,3
142,Josepha,5139.09,1
143,Dulci,6632.92,11
144,Kikelia,8684.03,36
145,Con,280.65,31
146,Darcie,3013.90,49
147,Marj,6703.30,4
148,Caren,3667.17,5
149,Cristina,8514.50,34
150,Annecorinne,2023.76,27
151,Rianon,7170.38,21
152,Eolanda,6241.52,49
153,Jinny,6689.60,11
154,Nedi,487.01,1
155,Marji,4977.67,35
156,Tory,4262.01,3
157,Davita,6018.80,39
158,Elladine,998.78,39
159,Jackquelin,2152.95,46
160,Nevsa,6782.06,23
161,Melodie,1628.10,41
162,Almire,6299.14,50
163,Anabal,4728.22,4
164,Leta,8247.77,14
165,Anny,5086.32,44
166,Tandi,7072.51,17
167,Noelyn,5072.50,2
168,Herta,575.24,32
169,Gennie,9418.80,14
170,May,9673.33,18
171,Aurelia,2334.25,26
172,Dulce,1923.37,37
173,Iona,6480.78,34
174,Anna-diana,9136.55,45
175,Rayshell,9638.31,13
176,Mirabelle,9347.06,20
177,Una,2941.00,10
178,Opaline,2582.09,5
179,Alayne,6818.12,10
180,Laverna,9122.70,26
181,Clarey,2842.87,45
182,Lorain,8599.34,27
183,Julianna,767.49,39
184,Liv,4573.34,38
185,Ketti,609.73,13
186,Terri,2688.46,34
187,Jaine,1485.25,20
188,Korie,2435.17,39
189,Rori,8491.41,9
190,Adi,7797.10,4
191,Torrie,1138.44,34
192,Mariel,9127.52,19
193,Wilhelmine,8585.08,19
194,Klarika,4876.79,33
195,Larissa,7530.66,42
196,Jillian,9677.34,9
197,Fernandina,5862.23,33
198,Faye,790.79,34
199,Adah,322.00,18
200,Clemmy,1024.14,44
201,Jerrylee,2135.49,2
202,Rhody,3320.40,43
203,Letisha,9904.15,7
204,Kaylil,8237.37,36
205,Grethel,1694.53,38
206,Marcela,6061.04,10
207,Gay,743.29,36
208,Chastity,5679.83,15
209,Julianne,7449.56,21
210,Romonda,781.89,23
211,Florri,4602.70,1
212,Sigrid,229.26,47
213,Letisha,6583.75,1
214,Natka,855.56,21
215,Marena,2203.26,2
216,Natasha,6183.25,21
217,Suzann,9718.30,39
218,Carie,6178.86,22
219,Matty,2559.67,10
220,Ardella,2481.26,18
221,Roseanna,4205.50,50
222,Malissia,887.37,5
223,Leona,9211.43,8
224,Lorianna,4428.28,7
225,Madelle,3943.80,21
226,Lindsey,9683.73,49
227,Paula,8410.12,30
228,Oneida,8477.50,13
229,Lacee,3536.13,43
230,Karlie,5717.83,2
231,Sybille,8035.24,17
232,Brigid,9196.39,38
233,Tabatha,8830.02,5
234,Cyndi,7727.79,31
235,Bette-ann,9512.15,26
236,Vickie,2025.23,31
237,Gipsy,3993.94,2
238,Kiersten,4532.76,28
239,Adda,4833.24,41
240,Corrina,2351.11,7
241,Nady,8641.98,36
242,Gillian,8457.38,24
243,Laurianne,8779.61,28
244,Patience,5191.32,37
245,Dita,2460.40,25
246,Doralia,9808.03,35
247,Amalia,3606.44,20
248,Pen,6617.01,44
249,Sashenka,3156.64,48
250,Linnea,3034.52,21
251,Tatiania,7357.88,34
252,Kalli,9702.87,42
253,Randee,6081.41,42
254,Charmane,8077.49,40
255,Fay,6182.59,6
256,Lorette,1207.22,41
257,Ainsley,4387.46,16
258,Ruth,4729.18,9
259,Andria,2335.93,12
260,Risa,669.83,27
261,Ethelyn,4907.82,50
262,Dre,3046.00,17
263,Merci,8486.65,21
264,Gilemette,8282.33,35
265,Lauretta,6804.27,8
266,Florri,7070.98,33
267,Ardis,2779.20,50
268,Claire,3775.21,28
269,Jobina,4081.74,26
270,Cybill,489.74,42
271,Alina,9408.22,2
272,Hedwig,9744.81,4
273,Storm,3087.02,22
274,Dela,7353.10,15
275,Yolande,3806.00,32
276,Anabelle,8455.94,44
277,Eydie,3477.15,47
278,Sarina,6311.92,42
279,Bili,2321.02,31
280,Frank,4898.69,10
281,Lanita,8224.10,26
282,Stevana,8340.15,15
283,Sybilla,3868.28,6
284,Marion,5763.71,48
285,Shirline,395.02,41
286,Arlena,508.49,38
287,Bathsheba,5550.46,14
288,Vicky,2462.11,40
289,Angy,4489.59,44
290,Carlota,837.61,40
291,Milli,7472.45,1
292,Sam,5259.15,35
293,Analiese,7871.32,24
294,Brigit,6792.11,8
295,Nat,3661.37,23
296,Alysa,8582.64,8
297,Cassey,9382.21,37
298,Jillana,5060.85,12
299,Hedda,9428.51,2
300,Corri,7104.96,19
301,Berti,4712.67,38
302,Lucky,1864.05,47
303,Jacenta,886.13,24
304,Steffi,3114.09,40
305,Nan,6006.89,20
306,Viola,2553.71,24
307,Nikkie,8634.73,6
308,Hertha,366.03,32
309,Annamaria,2689.43,28
310,Thelma,7172.31,1
311,Nessy,4851.82,40
312,Catlaina,7541.71,2
313,Chandra,6414.97,27
314,Vania,5575.34,37
315,Britt,9924.57,29
316,Jeanie,257.93,50
317,Angelika,9093.89,4
318,Bonita,6896.28,15
319,Berget,3679.69,39
320,Aile,4205.51,35
321,Jacklyn,1837.71,42
322,Orelee,6048.76,26
323,Merrielle,2812.90,3
324,Tami,7176.60,1
325,Jackelyn,5257.54,14
326,Allsun,4149.92,46
327,Chrystal,6962.45,48
328,Merissa,9086.53,8
329,Selle,3976.25,36
330,Guglielma,1050.62,36
331,Dore,7095.35,45
332,Eleonore,2281.83,45
333,Cristi,3425.73,44
334,Dniren,6336.28,42
335,Jayne,2158.87,7
336,Fleur,408.20,32
337,Honoria,4411.76,44
338,Jaquith,2480.87,31
339,Quintilla,4669.58,16
340,Desdemona,8260.70,33
341,Annalee,4047.63,20
342,Hildegarde,3477.05,2
343,Elyse,5402.96,16
344,Halli,7369.00,13
345,Anabella,378.04,1
346,Fanchon,2286.14,25
347,Veronique,5070.78,24
348,Kalindi,5572.59,17
349,Sue,9522.60,31
350,Thomasina,1472.43,1
351,Ami,4464.76,46
352,Diannne,7345.75,45
353,Kellia,6726.47,7
354,Brunhilde,3829.01,48
355,Gilli,9324.46,48
356,Eolande,7269.28,19
357,Kiersten,9520.97,6
358,Sherilyn,1763.39,47
359,Tommi,2881.46,50
360,Denyse,1454.18,31
361,Donielle,2468.90,35
362,Basia,2299.72,16
363,Candida,8667.28,24
364,Bernardina,5915.57,6
365,Florance,1685.76,45
366,Neda,5786.84,34
367,Jolyn,7458.46,33
368,Sheela,1217.70,21
369,Salli,3899.04,4
370,Rasia,7043.17,29
371,Bobbye,6352.55,25
372,Catriona,4250.00,40
373,Brianna,7062.67,3
374,Eadie,5015.91,12
375,Lillis,1368.99,34
376,Atlanta,352.82,1
377,Dedie,5138.75,45
378,Aurelea,5649.38,8
379,Maggie,8433.35,11
380,Christine,9866.53,28
381,Sonni,9587.36,46
382,Glen,911.96,38
383,Lynda,3823.32,26
384,Nelia,9688.84,10
385,Prue,8259.88,50
386,Kalinda,7151.59,18
387,Dredi,9146.35,46
388,Melita,2688.06,14
389,Inga,1288.06,42
390,Michaeline,4089.60,9
391,Malina,4695.38,5
392,Joletta,8557.78,2
393,Ranique,3251.85,6
394,Lynnett,708.96,21
395,Heda,4699.74,44
396,Leodora,1535.76,9
397,Abigail,2345.36,41
398,Guenevere,6899.07,24
399,Danice,4098.31,39
400,Clementia,2948.23,34
401,Tabbi,8837.31,28
402,Caterina,6968.59,9
403,Nerte,2554.34,3
404,Eadie,3026.71,48
405,Sile,7435.36,29
406,Hermine,8642.63,26
407,Audy,8437.49,11
408,Margarethe,8929.79,22
409,Eleonore,8216.89,12
410,Donnajean,555.62,29
411,Madalena,5211.06,34
412,Tallia,1644.48,2
413,Ashla,8720.20,37
414,Lorene,9367.53,7
415,Joye,809.11,15
416,Ania,9281.51,17
417,Tara,193.01,22
418,Eulalie,7364.83,47
419,Janela,4515.86,1
420,Shaina,8536.03,47
421,Karina,4022.05,21
422,Nicholle,9679.36,22
423,Lula,1007.35,19
424,Alexandra,1770.12,30
425,Farand,9698.96,25
426,Kerianne,2723.67,36
427,Merilee,1337.39,33
428,Minni,2137.02,16
429,Joline,7618.79,9
430,Frieda,803.59,39
431,Janessa,6924.47,9
432,Phillida,6754.10,44
433,Gloriana,5228.99,19
434,Arabelle,792.75,10
435,Myrna,7734.14,31
436,Delia,1073.54,42
437,Nari,3578.96,8
438,Reiko,2393.64,21
439,Selina,989.82,12
440,Hedda,4493.96,40
441,Adele,3936.06,29
442,Melinda,8714.36,38
443,Jessamyn,9530.97,42
444,Eloise,5222.50,11
445,Elnora,717.83,13
446,Wileen,9029.60,20
447,Shalne,6912.30,41
448,Ree,6824.44,12
449,Vitia,2692.34,41
450,Colette,233.22,34
451,Lonee,4488.57,7
452,Windy,6458.94,31
453,Kathe,1409.74,20
454,Shane,9640.15,1
455,Valli,8984.98,32
456,Consuela,8178.18,37
457,Darsie,3855.12,21
458,Vanessa,4294.03,31
459,Wynny,835.26,12
460,Marcellina,595.86,27
461,Benoite,5737.45,43
462,Libbi,5953.46,8
463,Keslie,5877.80,6
464,Gertrud,6118.36,40
465,Dorena,1299.87,11
466,Oralla,2373.60,37
467,Dorey,9378.59,38
468,Marjory,4173.96,4
469,Agnola,7305.76,32
470,Neely,9179.42,43
471,Jannelle,7244.35,21
472,Adelaide,7857.74,42
473,Rhoda,4365.95,9
474,Chrissy,620.62,24
475,Vilhelmina,5511.94,33
476,Gilligan,816.68,24
477,Clerissa,9570.70,11
478,Ines,7189.39,13
479,Netta,2873.83,7
480,Eden,8282.15,8
481,Penny,4404.08,31
482,Sharity,528.37,13
483,Allyce,4478.29,41
484,Harmony,1383.98,10
485,Tracie,4539.09,45
486,Pauletta,6655.32,37
487,Jenilee,7726.52,20
488,Katalin,8217.24,43
489,Darb,4186.30,12
490,Cyndi,5481.79,19
491,Laverne,8197.22,49
492,Nada,8135.75,1
493,Mira,4209.06,45
494,Doretta,9498.26,35
495,Gertie,6556.51,24
496,Ann,7788.04,14
497,Andrea,2845.12,16
498,Shawn,1898.15,37
499,Concordia,6378.66,11
500,Ursuline,6572.15,45
501,Jorrie,5570.03,11
502,Rebekah,6197.37,12
503,Renie,7688.37,49
504,Willabella,8201.11,24
505,Amye,9625.60,38
506,Malinde,8016.63,50
507,Celisse,3533.68,46
508,Priscilla,8270.37,21
509,Michell,2759.13,7
510,Helenelizabeth,9859.46,22
511,Sibella,8307.86,9
512,Angie,5041.81,29
513,Timmie,5753.91,50
514,Susana,9913.87,26
515,Cordelia,1460.56,37
516,Sheilakathryn,624.17,29
517,Maud,4405.21,27
518,Jill,337.03,16
519,Dre,1873.22,49
520,Dara,2687.75,48
521,Filippa,9823.08,42
522,Cathy,6457.51,5
523,Margette,2305.49,7
524,Virgie,1181.68,12
525,Inez,414.17,30
526,Amabel,7907.26,18
527,Erda,2374.31,37
528,Tamarra,9717.39,14
529,Nola,1096.83,11
530,Rhonda,169.80,5
531,Nerti,6165.06,30
532,Ariella,8328.49,24
533,Catha,9645.22,26
534,Fifi,972.95,40
535,Verena,6853.60,45
536,Eddie,8016.42,29
537,Marys,4023.00,43
538,Gay,1056.81,29
539,Lynde,1229.12,8
540,Stacy,2079.21,5
541,Pippa,7623.96,48
542,Ame,6764.06,33
543,Glennie,8574.01,30
544,Traci,1936.47,40
545,Kaile,277.15,8
546,Morgana,6031.18,20
547,Sharyl,2290.96,4
548,Roby,9417.42,14
549,Murielle,3547.32,44
550,Susan,4736.22,24
551,Guglielma,2673.18,2
552,Agretha,1642.50,19
553,Marabel,1797.50,29
554,Coleen,3794.52,10
555,Ida,8741.71,3
556,Kaylee,4072.96,35
557,Josi,252.76,6
558,Anastasia,9023.46,37
559,Emilie,7229.38,12
560,Roseline,7051.04,1
561,Susana,3141.23,49
562,Dani,1834.86,27
563,Nancey,9801.16,40
564,Donnajean,2182.43,8
565,Torrie,552.77,15
566,Chrysler,3722.78,27
567,Zaria,8003.87,1
568,Adrienne,6717.18,22
569,Portia,2787.73,18
570,Clarinda,5942.42,1
571,Lindy,5258.31,23
572,Austine,3533.50,43
573,Marie-jeanne,3334.54,11
574,Jorry,8743.06,15
575,Emmey,6050.19,31
576,Sonia,4037.37,7
577,Jayme,4804.86,39
578,Nisse,6290.07,50
579,Dana,1488.97,28
580,Aveline,9456.06,41
581,Lib,7550.35,44
582,Kellie,433.22,28
583,Sharlene,3681.36,35
584,Jazmin,6684.45,10
585,Arabella,2719.64,5
586,Pierrette,1647.09,42
587,Emlynn,1579.33,39
588,Theresa,7496.00,49
589,Tandy,5052.22,20
590,Alyssa,9001.33,36
591,Shaine,2317.13,29
592,Edeline,3629.76,11
593,Donnie,3338.52,29
594,Annmarie,6737.79,43
595,Rosina,2861.36,36
596,Lavinia,9721.60,11
597,Teodora,3655.25,17
598,Amie,1765.21,44
599,Marci,293.44,2
600,Janis,1615.21,4
601,Kendre,6582.09,46
602,Gert,6454.78,35
603,Chryste,7298.49,24
604,Herminia,5641.61,15
605,Renelle,6059.19,16
606,Ferdinanda,5064.93,28
607,Olympe,8084.16,9
608,Blithe,8411.30,30
609,Sharleen,3027.40,43
610,Lanni,4855.50,40
611,Joelle,6804.91,21
612,Verene,3897.57,37
613,Theodosia,1829.94,32
614,Nikolia,8924.65,43
615,Cindelyn,6357.48,47
616,Wileen,4512.33,25
617,Kellyann,9376.12,7
618,Berthe,8088.50,35
619,Romonda,7107.88,2
620,Esmaria,7378.27,4
621,Laurel,1629.54,14
622,Sibby,1891.59,50
623,Kerianne,4015.96,46
624,Pamella,1657.52,34
625,Arlena,2099.24,8
626,Johannah,7435.82,12
627,Suellen,9032.74,31
628,Corri,5564.52,23
629,Elladine,5281.48,31
630,Merla,9813.95,22
631,Darcee,6582.97,41
632,Janela,5469.52,14
633,Gilligan,2075.51,15
634,Sasha,5763.52,39
635,Augustina,6913.34,45
636,Allis,8018.32,5
637,Florina,3155.33,6
638,Nike,7296.33,14
639,Vin,8192.44,31
640,Betteanne,9000.10,29
641,Ebony,6455.32,18
642,Tommie,679.07,37
643,Sayre,6281.99,50
644,Holly,2537.12,39
645,Kikelia,5247.67,16
646,Meaghan,8640.60,1
647,Arlene,2938.53,33
648,Arlene,3488.92,45
649,Druci,1848.02,45
650,Adela,571.31,8
651,Pepita,5137.66,30
652,Kirstyn,1730.44,33
653,Rosemaria,7807.66,23
654,Gerladina,1862.14,15
655,Pavla,7663.66,44
656,Selena,1643.18,3
657,Lilla,1338.26,43
658,Amalea,5146.61,50
659,Tamarah,4671.43,15
660,Joellen,5123.18,9
661,Allis,4991.52,19
662,Katalin,9952.85,9
663,Denna,6828.98,11
664,Hallie,2391.67,9
665,Gabi,6507.83,2
666,Marnie,2450.75,11
667,Jennette,1981.32,33
668,Gael,6899.19,43
669,Zabrina,3682.89,6
670,Bonnee,5665.05,15
671,Shanda,3603.05,47
672,Evangeline,7554.24,24
673,Friederike,6710.03,2
674,Eleni,4954.61,43
675,Cecile,5715.68,23
676,Trudey,8775.12,25
677,Farand,2084.73,48
678,Remy,8527.97,38
679,Dorena,9555.78,3
680,Candide,2675.59,18
681,Hynda,8647.37,25
682,Deloris,8832.01,10
683,Geralda,7951.35,9
684,Adriane,5538.83,12
685,Lizette,6198.67,50
686,Denyse,6481.47,2
687,Lyndell,665.84,27
688,Janina,6816.98,19
689,Barbette,9826.38,30
690,Enrika,4733.97,40
691,Jorrie,2969.62,25
692,Louise,1369.12,7
693,Martina,5015.74,9
694,Teresina,8967.34,40
695,Lida,7778.98,21
696,Daisi,6765.20,50
697,Nola,298.45,45
698,Myra,5238.94,1
699,Vivia,8474.74,21
700,Reeta,1651.20,35
701,Jsandye,3327.62,30
702,Charis,6430.60,21
703,Estel,421.68,13
704,Frankie,2667.18,48
705,Joanie,7450.22,16
706,Malynda,6669.57,3
707,Leonora,2302.43,48
708,Bryana,5890.59,47
709,Paige,4771.20,11
710,Laetitia,570.81,37
711,Joelynn,4722.88,2
712,Glori,3768.61,20
713,Doti,393.35,10
714,Laverna,1296.37,5
715,Bessie,7969.39,1
716,Mariquilla,2388.86,17
717,Ingeborg,6072.25,1
718,Gizela,1046.07,15
719,Danit,8041.79,34
720,Elita,6124.78,20
721,Birgitta,1575.90,45
722,Angelia,2415.75,37
723,Halimeda,5235.88,32
724,Gayleen,4817.66,29
725,Drona,2594.98,38
726,Lizzy,4440.17,14
727,Shaina,4194.31,13
728,Odella,5797.50,37
729,Vivian,4332.54,18
730,Layney,3549.42,10
731,Pennie,5076.67,48
732,Tatum,2953.15,42
733,Brietta,6772.77,4
734,Debra,5731.31,13
735,Lorine,8204.24,6
736,Elberta,6253.14,36
737,Teressa,2472.05,29
738,Sharl,8956.40,45
739,Blanch,6335.61,7
740,Delilah,4062.40,50
741,Elbertine,9659.63,33
742,Petunia,6206.75,36
743,Amandie,4111.10,25
744,Drucill,4900.67,24
745,Rubi,4858.64,19
746,Adria,5282.50,8
747,Wilmette,8722.35,33
748,Amity,2038.48,10
749,Shelli,3826.09,40
750,Janie,9557.81,39
751,Klarika,161.98,44
752,Twila,1081.09,35
753,Lynelle,1590.84,9
754,Novelia,5466.86,2
755,Marys,2314.57,2
756,Cindy,5913.56,41
757,Fiona,749.38,44
758,Murielle,2187.56,25
759,Constancia,6360.86,9
760,Jacinta,3767.60,43
761,Monica,6759.47,10
762,Vivia,7564.81,36
763,Sapphire,3208.46,22
764,Lillian,1757.53,28
765,Rebbecca,7728.94,30
766,Britni,1930.40,1
767,Marget,9286.52,12
768,Wilhelmine,1492.88,19
769,Charla,5233.83,15
770,Theresita,9905.94,15
771,Alisha,7416.22,26
772,Shara,8067.61,47
773,Heida,718.00,19
774,Essie,2991.09,36
775,Gustie,9769.11,33
776,Rubie,6391.53,11
777,Retha,5321.05,2
778,Evangelina,7152.17,14
779,Joanne,1885.02,31
780,Glori,4066.35,9
781,Alvina,8331.74,28
782,Bridget,7738.54,27
783,Therine,5532.39,10
784,Jenine,7091.10,9
785,Margareta,6109.19,11
786,Linda,9669.74,1
787,Rodi,2585.95,29
788,Camellia,2667.21,27
789,Drona,6478.37,6
790,Suzie,6015.25,38
791,Faun,9053.34,3
792,Megan,5625.11,13
793,Edyth,2506.08,34
794,Annnora,7998.67,16
795,Jolynn,9741.46,38
796,Jennica,5752.03,49
797,Bryna,282.58,32
798,Griselda,7904.50,48
799,Clovis,1012.85,48
800,Allene,2903.04,48
801,Kizzie,8759.70,22
802,Lexy,1811.83,45
803,Ilse,3934.26,19
804,Reeta,2332.16,46
805,Carline,5333.26,6
806,Annaliese,3979.20,10
807,Ronny,5100.97,2
808,Christa,6449.43,4
809,Electra,6558.50,17
810,Loreen,7004.35,10
811,Bathsheba,5148.69,32
812,Jasmin,8814.01,50
813,Dorena,3217.54,40
814,Aurilia,1910.10,36
815,Genvieve,8034.42,47
816,Teriann,1579.14,46
817,Siouxie,2830.21,33
818,Biddy,6945.08,4
819,Dorelia,6341.00,27
820,Maude,8521.70,5
821,Odelle,5216.69,14
822,Ruthie,3096.92,22
823,Cassaundra,4062.68,33
824,Eleni,7797.95,13
825,Rae,6884.66,34
826,Germaine,2703.18,2
827,Lilith,9054.11,19
828,Alie,2975.35,38
829,Elyn,3901.22,34
830,Jenn,5770.99,28
831,Dael,4592.81,15
832,Guinna,1649.13,21
833,Shelagh,6515.91,8
834,Em,4266.72,16
835,Corey,1748.51,44
836,Rosy,6585.71,25
837,Sioux,3047.10,21
838,Sherri,947.72,9
839,Cindie,9520.06,22
840,Shelly,9464.39,5
841,Jewelle,5870.85,28
842,Eada,7742.56,37
843,Cherrita,5245.87,7
844,Penelopa,4485.32,25
845,Lula,1817.40,35
846,Henriette,9114.66,21
847,Murial,8042.97,7
848,Didi,8451.78,33
849,Esmeralda,5269.72,20
850,Barbara-anne,597.54,15
851,Wenda,843.44,17
852,Zilvia,3551.59,22
853,Rosalynd,5561.85,10
854,Zelda,1383.26,49
855,Gertie,2330.85,16
856,Glenine,6108.61,19
857,Marin,3096.58,29
858,Lira,1759.48,23
859,Lil,1399.01,19
860,Morissa,2112.79,11
861,Liliane,4822.86,22
862,Sheelagh,1624.61,7
863,Deloris,7287.61,39
864,Oralee,9060.41,1
865,Raychel,500.20,11
866,Anissa,4745.01,44
867,Pavla,5758.21,45
868,Kelli,3470.36,9
869,Datha,2787.91,18
870,Ariela,5058.73,19
871,Lolly,6301.57,6
872,Sandra,4359.26,26
873,Gabriel,7615.18,18
874,Hattie,6858.38,24
875,Darsey,2100.12,11
876,Genevra,5806.17,42
877,Sharron,9379.15,29
878,Rycca,378.26,10
879,Nadia,968.24,4
880,Donnajean,2787.43,40
881,Marchelle,9675.66,5
882,Eada,3315.73,23
883,Marris,9500.56,6
884,Susann,9667.37,36
885,Theadora,6920.65,22
886,Aimee,4995.64,30
887,Ranice,1974.25,46
888,Valene,9591.93,47
889,Susie,402.11,16
890,Jasmina,5719.46,46
891,Bird,2482.08,43
892,Rona,6657.92,20
893,Siobhan,1514.63,16
894,Lonnie,589.89,12
895,Bonnibelle,322.04,1
896,Lari,9596.78,47
897,Lauryn,2949.69,23
898,Darcee,2363.01,36
899,Ermina,9216.17,16
900,Steffi,3248.83,32
901,Darcey,5852.58,8
902,Jackqueline,8288.24,49
903,Kimberley,7774.49,6
904,Clara,1529.14,20
905,Jacqueline,4842.48,9
906,Norene,3318.29,8
907,Kora,4264.41,37
908,Kylie,2209.97,32
909,Gabriela,1707.12,48
910,Ladonna,4892.16,48
911,Tersina,6451.30,29
912,Melba,2950.67,50
913,Lucie,7465.36,42
914,Cariotta,586.29,48
915,Julianna,5867.24,31
916,Franky,9066.58,14
917,Barrie,5140.51,27
918,Jeana,5482.66,29
919,Ashley,7452.66,47
920,Nikaniki,1932.87,9
921,Willow,6822.86,25
922,Sena,2288.27,24
923,Arluene,8031.83,9
924,Kali,899.82,9
925,Leonore,1640.38,4
926,Lesley,400.67,23
927,Alexine,5154.42,20
928,Loutitia,5105.19,33
929,Beitris,7885.30,6
930,Christie,4411.23,11
931,Sigrid,2306.18,42
932,Cthrine,9203.16,5
933,Grazia,4805.05,48
934,Margaretta,7871.54,41
935,Bernie,8278.53,3
936,Inger,1295.43,35
937,Juliann,662.33,3
938,Isis,4426.50,4
939,Hannah,9450.63,25
940,Leigha,1333.46,1
941,Zabrina,2869.72,36
942,Kalindi,3905.07,22
943,Jandy,2662.63,41
944,Karmen,7559.53,3
945,Nita,3267.81,8
946,Isabelita,602.24,24
947,Demetra,9042.16,17
948,Gael,3240.23,16
949,Hilde,4554.00,38
950,Lavinia,1156.00,47
951,Barbie,1860.44,48
952,Wendye,2880.84,22
953,Venita,6096.73,40
954,Louella,6925.37,33
955,Lucila,9724.05,14
956,Licha,3109.17,50
957,Andy,6486.92,49
958,Cele,9555.75,50
959,Marget,6568.76,6
960,Gusta,3215.03,4
961,Jennie,1809.54,28
962,Janey,5634.23,9
963,Doro,5183.58,41
964,Brittani,9421.17,31
965,Adiana,9398.23,5
966,Carin,5683.20,23
967,Gratiana,9893.19,41
968,Golda,1833.77,37
969,Alyssa,5575.10,43
970,Kyrstin,7073.56,12
971,Teressa,7508.63,7
972,Dorette,1714.49,10
973,Viviyan,354.15,16
974,Donia,6824.54,27
975,Livia,4711.70,21
976,Sheree,633.77,16
977,Winonah,2824.42,26
978,Ree,8309.54,9
979,Arluene,4497.41,20
980,Kerri,2956.72,16
981,Anita,2034.73,15
982,Carmen,2400.36,26
983,Adriane,3692.25,4
984,Kaylyn,8095.35,23
985,Stella,4276.88,39
986,Elvera,8353.72,40
987,Benny,3231.05,43
988,Joyce,6586.76,30
989,Lynnelle,1687.62,29
990,Cammi,9009.92,8
991,Em,3506.04,31
992,Maurita,8172.71,1
993,Felisha,1324.41,42
994,Benni,1650.74,31
995,Rori,6788.19,29
996,Crystal,8405.33,3
997,Fionna,4416.89,34
998,Kiah,9129.59,34
999,Marchelle,8812.11,49
1000,Orly,1417.67,25
